,title,artist
0,Sunrise,Norah Jones
1,Black Night,Deep Purple
2,Clint Eastwood,Gorillaz
3,The Pretender,Foo Fighters
4,Waitin' On A Sunny Day,Bruce Springsteen
5,The Road Ahead (Miles Of The Unknown),City To City
6,She Will Be Loved,Maroon 5
7,Knights of Cydonia,Muse
8,Mr. Brightside,The Killers
9,Without Me,Eminem
10,Love Me Tender,Elvis Presley
11,Seven Nation Army,The White Stripes
12,Als Het Golft,De Dijk
13,I'm going home,Ten Years After
14,Fluorescent Adolescent,Arctic Monkeys
15,Zonder Jou,Paul de Leeuw
16,Speed of Sound,Coldplay
17,Uninvited,Alanis Morissette
18,Music,John Miles
19,Cry Me a River,Justin Timberlake
20,Fix You,Coldplay
21,The Cave,Mumford & Sons
22,Als De Morgen Is Gekomen,Jan Smit
23,Somebody Told Me,The Killers
24,Dichterbij Dan Ooit,BLØF
25,Miracle,Ilse DeLange
26,Smokers Outside the Hospital Doors,Editors
27,Cleanin' Out My Closet,Eminem
28,Der Weg,Herbert Grönemeyer
29,7 Seconds (feat. Neneh Cherry),Youssou N'Dour
30,The Scientist,Coldplay
31,Big Log - 2006 Remaster,Robert Plant
32,Chasing Pavements,Adele
33,Don't Know Why,Norah Jones
34,Tears Dry On Their Own,Amy Winehouse
35,The Eyes of Jenny,Sandy Coast
36,Iris,The Goo Goo Dolls
37,The Saints Are Coming,U2
38,All My Life,Foo Fighters
39,De Weg,Guus Meeuwis
40,Don't Let Me Be Misunderstood,Santa Esmeralda
41,Traffic - Radio Edit,Tiësto
42,Take Me Out,Franz Ferdinand
43,American Idiot,Green Day
44,Breaking the Habit,Linkin Park
45,Come Undone,Robbie Williams
46,Sweet Jane,Lou Reed
47,Run,Snow Patrol
48,"You're The First, The Last, My Everything",Barry White
49,The Day After Tomorrow,Saybia
50,Just Breathe,Pearl Jam
51,Dansen Aan Zee,BLØF
52,Goodbye My Lover,James Blunt
53,The Unforgiven III,Metallica
54,Hurt,Christina Aguilera
55,Grounds for Divorce,Elbow
56,Sometimes You Can't Make It On Your Own,U2
57,"Listen (From the Motion Picture ""Dreamgirls"")",Beyoncé
58,I Want It That Way,Backstreet Boys
59,Goin To The Run,Golden Earring
60,De Neus Umhoeg,Rowwen Hèze
61,Solitary Man,Johnny Cash
62,Smoorverliefd,Doe Maar
63,Me Gustas Tu,Manu Chao
64,Kryptonite,3 Doors Down
65,Crazy,Seal
66,Family Portrait,P!nk
67,In The Army Now,Status Quo
68,I Surrender,Saybia
69,Maybe Tomorrow,Stereophonics
70,Make You Feel My Love,Adele
71,No One Knows,Queens of the Stone Age
72,Where Do You Go To (My Lovely) - Re-Recorded,Peter Sarstedt
73,The Wild Rover,The Dubliners
74,Little Lion Man,Mumford & Sons
75,Dirty Diana,Michael Jackson
76,Ne me quitte pas,Jacques Brel
77,Sad Man's Tongue,Volbeat
78,Wat Zou Je Doen - Live,Marco Borsato
79,One Day Like This,Elbow
80,Bagagedrager,Spinvis
81,Wêr Bisto,Twarres
82,Only Time,Enya
83,Sorry Seems To Be The Hardest Word,Blue
84,Self Esteem,The Offspring
85,Aanzoek Zonder Ringen,BLØF
86,Modern World,Anouk
87,Rosie,Claw Boys Claw
88,This Is Not America - 2002 Remaster,David Bowie
89,Times Like These,Foo Fighters
90,De Vondeling Van Ameland,Boudewijn de Groot
91,I'm Gonna Be (500 Miles),The Proclaimers
92,Afscheid Nemen Bestaat Niet,Marco Borsato
93,Blauwe Ruis,BLØF
94,Limburg - Live,Rowwen Hèze
95,21 Guns,Green Day
96,Valerie (feat. Amy Winehouse) - Version Revisited,Mark Ronson
97,Blaosmuziek,Gé Reinders
98,Binnen,Marco Borsato
99,Motorcycle Emptiness,Manic Street Preachers
100,In the End,Linkin Park
101,Halt mich,Herbert Grönemeyer
102,Girl,Anouk
103,"Trapped - Live at Meadowlands Arena, E. Rutherford, NJ - August 1984",Bruce Springsteen
104,Ik Wou Dat Ik Jou Was,Veldhuis & Kemper
105,Empire State of Mind (Part II) Broken Down,Alicia Keys
106,Numb / Encore,JAY-Z
107,Ben Ik Te Min,Armand
108,All Summer Long,Kid Rock
109,Forever Autumn,Jeff Wayne
110,Waiting On the World to Change,John Mayer
111,Everybody's Changing,Keane
112,How to Save a Life,The Fray
113,"Bloed, Zweet En Tranen",Andre Hazes
114,"Lose Yourself - From ""8 Mile"" Soundtrack",Eminem
115,Europa (Earth's Cry Heaven's Smile),Santana
116,Feeling Good,Muse
117,"Harder, Better, Faster, Stronger",Daft Punk
118,Use Somebody,Kings of Leon
119,Sweet Disposition,The Temper Trap
120,Single Ladies (Put a Ring on It),Beyoncé
121,You're the Voice,John Farnham
122,Voltooid Verleden Tijd,IOS
123,Eternal Flame,The Bangles
124,Papa Was A Rolling Stone,The Temptations
125,Crazy In Love (feat. Jay-Z),Beyoncé
126,Best of You,Foo Fighters
127,Daughters,John Mayer
128,De wedstrijd,Bram Vermeulen
129,Papillon,Editors
130,Sadeness,Enigma
131,Red Mij Niet - Single Edit,Maarten Van Roozendaal
132,Love Is A Losing Game,Amy Winehouse
133,Zij,Marco Borsato
134,Tribute,Tenacious D
135,You Know I'm No Good,Amy Winehouse
136,Talk,Coldplay
137,Love Is A Battlefield,Pat Benatar
138,Home,Michael Bublé
139,Sonne,Rammstein
140,I Gotta Feeling,The Black Eyed Peas
141,She Sells Sanctuary,The Cult
142,Alie,Normaal
143,Red Red Wine,UB40
144,A Little Less Conversation - JXL Radio Edit Remix,Elvis Presley
145,Love You More,Racoon
146,Old Man,Neil Young
147,Zij Maakt Het Verschil,De Poema's
148,I Want To Hold Your Hand - Remastered 2015,The Beatles
149,Black Magic Woman,Santana
150,Set The Fire To The Third Bar,Snow Patrol
151,Ghost Love Score,Nightwish
152,Going To A Town,Rufus Wainwright
153,Is Dit Alles,Doe Maar
154,A Gentleman's Excuse Me,Fish
155,God Put a Smile upon Your Face,Coldplay
156,Heartbreak Warfare,John Mayer
157,Sailing to Philadelphia,Mark Knopfler
158,Accidentally In Love,Counting Crows
159,It's Raining Men,The Weather Girls
160,One Word,Anouk
161,Goodnight Saigon,Billy Joel
162,Moonlight Shadow,Mike Oldfield
163,Zing - Vecht - Huil - Bid - Lach - Werk En Bewonder,Ramses Shaffy
164,Uprising,Muse
165,My Immortal,Evanescence
166,Feel Like Flying,Racoon
167,Everything,Michael Bublé
168,Hey There Delilah,Plain White T's
169,Speeltuin,Marco Borsato
170,"Comptine d'un autre été, l'après-midi",Yann Tiersen
171,Sweet Goodbyes,Krezip
172,The Man Who Can't Be Moved,The Script
173,"Free Fallin' - Live at the Nokia Theatre, Los Angeles, CA - December 2007",John Mayer
174,Halo,Beyoncé
175,Hollereer,De Jeugd Van Tegenwoordig
176,Hier,BLØF
177,Ice Queen,Within Temptation
178,Another 45 Miles,Golden Earring
179,Like a Hurricane - 2003 Remaster,Neil Young
180,Father & Friend,Alain Clark
181,"(I've Had) The Time of My Life - From ""Dirty Dancing"" Soundtrack",Bill Medley
182,The Blower's Daughter,Damien Rice
183,Magnificent,U2
184,Virtual Insanity - Remastered,Jamiroquai
185,Belle Hélène,Doe Maar
186,Go With The Flow,Queens of the Stone Age
187,Sound Of The Screameng Day,Golden Earrings
188,Plug in Baby,Muse
189,Heavy Cross,Gossip
190,Nederwiet,Doe Maar
191,Heart Of Glass,Blondie
192,The Real Slim Shady,Eminem
193,Stuck In A Moment You Can't Get Out Of,U2
194,Tumble and Fall,JOHAN
195,Les lacs du Connemara,Michel Sardou
196,Hier Kom Ik Weg,Daniël Lohues
197,Starlight,Muse
198,Dakota,Stereophonics
199,Time To Say Goodbye (Con Te Partirò),Sarah Brightman
200,Green Eyes,Coldplay
201,Silence (feat. Sarah McLachlan) - DJ Tiësto's In Search of Sunrise Edit,Delerium
202,De Kapitein Deel II,Acda en de Munnik
203,Supermassive Black Hole,Muse
204,Pak Maar M'n Hand,Nick & Simon
205,De Bom,Doe Maar
206,Bombay,Golden Earring
207,Mary Jane's Last Dance,Tom Petty and the Heartbreakers
208,Oerend Hard,Normaal
209,Society,Eddie Vedder
210,White Flag,Dido
211,Heaven Must Be Missing An Angel - Pt. 1,Tavares
212,Wake Me up When September Ends,Green Day
213,Can't Stop,Red Hot Chili Peppers
214,Driving Home for Christmas,Chris Rea
215,Mutter,Rammstein
216,Pa,Doe Maar
217,Blauw,The Scene
218,Spicks And Specks,Bee Gees
219,Stan,Eminem
220,Beautiful,Christina Aguilera
221,Gravity,John Mayer
222,Leave the Light On,Beth Hart
223,Ruthless Queen,Kayak
224,Everlong - Acoustic Version,Foo Fighters
225,Here Without You,3 Doors Down
226,One,Mary J. Blige
227,Mijn Houten Hart,De Poema's
228,Mad World (Feat. Michael Andrews),Gary Jules
229,Sinds 1 Dag Of 2 (32 Jaar),Doe Maar
230,Feeling Good,Michael Bublé
231,The Wall Street Shuffle,10cc
232,Song 2,Blur
233,I Would Stay,Krezip
234,Piano Man,Billy Joel
235,Fireflies,Owl City
236,Lost,Anouk
237,Woman,Wolfmother
238,Where Is The Love?,The Black Eyed Peas
239,Yellow,Coldplay
240,This Is The Life,Amy Macdonald
241,Wicked Game,Chris Isaak
242,Breakeven,The Script
243,Not An Addict,K's Choice
244,So Incredible,Ilse DeLange
245,Mr Rock & Roll,Amy Macdonald
246,Will You Be There - Single Version,Michael Jackson
247,Vlinder,Rowwen Hèze
248,Cambodia,Kim Wilde
249,Back To Black,Amy Winehouse
250,Dochters,Marco Borsato
251,Hocus Pocus,Focus
252,Mensch,Herbert Grönemeyer
253,Amsterdam,Coldplay
254,Time Is Running Out,Muse
255,Rain Down on Me,Kane
256,Denis,Blondie
257,Hometown Glory,Adele
258,Live And Let Die - Live,Paul McCartney
259,I Still Cry,Ilse DeLange
260,Ren Lenny Ren,Acda en de Munnik
261,In My Place,Coldplay
262,Numb,Linkin Park
263,Slow Dancing in a Burning Room,John Mayer
264,Empire State Of Mind,JAY-Z
265,Drops of Jupiter,Train
266,Omarm,BLØF
267,(What A) Wonderful World,Sam Cooke
268,Teardrops,Womack & Womack
269,The Rising,Bruce Springsteen
270,Snow (Hey Oh),Red Hot Chili Peppers
271,I Don't Wanna Hurt,Anouk
272,Ordinary People,John Legend
273,Iedereen Is Van De Wereld,The Scene
274,Gold,Spandau Ballet
275,All Night Long (All Night) - Single Version,Lionel Richie
276,Can't Stop Loving You - 2016 Remaster,Phil Collins
277,City Of Blinding Lights,U2
278,Munich,Editors
279,Hey Ya!,OutKast
280,There Must Be an Angel (Playing with My Heart),Eurythmics
281,Laat Me / Vivre - Lange Versie,Alderliefste met Ramses Shaffy en Liesbeth List
282,Watskeburt?!,De Jeugd Van Tegenwoordig
283,Feel,Robbie Williams
284,Lady Jane - (Original Single Mono Version),The Rolling Stones
285,La Isla Bonita,Madonna
286,Go Like Elijah,Chi Coltrane
287,Chop Suey!,System Of A Down
288,Sorry - (Live in Tivoli),Kyteman
289,Black or White - Single Version,Michael Jackson
290,Shut Your Eyes,Snow Patrol
291,Ironic,Alanis Morissette
292,I Bet You Look Good On The Dancefloor,Arctic Monkeys
293,Hurt,Johnny Cash
294,Vogue,Madonna
295,If I Were a Boy,Beyoncé
296,Dyna-Mite,Mud
297,Une Belle Histoire (Een Mooi Verhaal),Alderliefste
298,Sandstorm - Radio Edit,Darude
299,Right Next Door (Because Of Me),Robert Cray
300,Hald Mich 'S Vas,Neet Oét Lottum
301,Like a Prayer,Madonna
302,Rockin' All Over The World,Status Quo
303,Blue Hotel,Chris Isaak
304,Dear Mr. President,P!nk
305,Stiekem Gedanst,Toontje Lager
306,Human,The Killers
307,Lady Madonna - Remastered 2015,The Beatles
308,Both Sides Now,Joni Mitchell
309,God Is a DJ,Faithless
310,Viva La Vida,Coldplay
311,Kids,MGMT
312,Bend & Break,Keane
313,We Can Work It Out - Remastered 2015,The Beatles
314,Sing for Absolution,Muse
315,Superstition - Single Version,Stevie Wonder
316,Vertigo,U2
317,By the Way,Red Hot Chili Peppers
318,Hey Jude,The Beatles
319,November,Rowwen Hèze
320,Geef Mij Je Angst,Guus Meeuwis
321,Stuck In The Middle With You,Stealers Wheel
322,Het Regent Zonnestralen,Acda en de Munnik
323,Violet Hill,Coldplay
324,Dog Days Are Over,Florence + The Machine
325,Beautiful Day,U2
326,Major Tom,Peter Schilling
327,An End Has a Start,Editors
328,Lost!,Coldplay
329,What It Is,Mark Knopfler
330,Blue Monday - 2016 Remaster,New Order
331,Behind Blue Eyes,Limp Bizkit
332,Rehab,Amy Winehouse
333,Bird of Paradise,Snowy White
334,I'm Yours,Jason Mraz
335,Onderweg,Abel
336,Mr. Bojangles - Single Version,Sammy Davis Jr.
337,Unwritten,Natasha Bedingfield
338,Resistance,Muse
339,Bedshaped,Keane
340,Mia,Gorki
341,You Oughta Know,Alanis Morissette
342,Overcome,Live
343,Stand My Ground,Within Temptation
344,Chasing Cars,Snow Patrol
345,Dani California,Red Hot Chili Peppers
346,Unfinished Sympathy,Massive Attack
347,Nine Million Bicycles,Katie Melua
348,You're Beautiful,James Blunt
349,It's My Life,Bon Jovi
350,Politik,Coldplay
351,Mooie Dag,BLØF
352,In Nije Dei,De Kast
353,Sex on Fire,Kings of Leon
354,Hallelujah,Lisa Lois
355,Somewhere Only We Know,Keane
356,Sunrise,Simply Red
357,How You Remind Me,Nickelback
358,When You Say Nothing At All,Ronan Keating
359,Hard Sun,Eddie Vedder
360,Belfast Child,Simple Minds
361,Feel Good Inc.,Gorillaz
362,Alles Is Liefde,BLØF
363,Jerusalem,Anouk
364,Mr Bojangles,Robbie Williams
365,Tranen Gelachen,Guus Meeuwis
366,When The Sun Goes Down,Arctic Monkeys
367,Frozen,Madonna
368,The Racing Rats,Editors
369,Poker Face,Lady Gaga
370,Life in Technicolor ii,Coldplay
371,One,Johnny Cash
372,Ruby,Kaiser Chiefs
373,Het Land Van,Lange Frans
374,Bad Romance,Lady Gaga
375,Elevation,U2
376,Trouble,Coldplay
377,De Peel In Brand,Rowwen Hèze
378,Black Betty,Ram Jam
379,Wrong,Novastar
380,Never Be Clever,Herman Brood & His Wild Romance
381,Undisclosed Desires,Muse
382,Auto Vliegtuug,Rowwen Hèze
383,Meer Dan Een Ander,Van Dik Hout
384,Brabant,Guus Meeuwis
385,Mother Earth,Within Temptation
386,One More Time,Daft Punk
387,(You're The) Devil in Disguise,Elvis Presley
388,TRUE - Single Edit,Spandau Ballet
389,Make It Wit Chu,Queens of the Stone Age
390,Bring Me To Life,Evanescence
391,Clocks,Coldplay
392,Farewell To The Fairground,White Lies
393,Bliss,Muse
394,Kijk Omhoog,Nick & Simon
395,9 Crimes,Damien Rice
396,Working On a Dream,Bruce Springsteen
397,Nutbush City Limits,Ike & Tina Turner
398,Do They Know It's Christmas? - 1984 Version,Band Aid
399,Changes,2Pac
400,Mag Ik Dan Bij Jou,Claudia De Breij
401,Sterrenstof,De Jeugd Van Tegenwoordig
402,Love Will Tear Us Apart - 2010 Remaster,Joy Division
403,Mag Het Licht Uit,De Dijk
404,Why Tell Me Why,Anita Meyer
405,Wonderful Days,Charly Lownoise
406,Dat Komt Door Jou,Guus Meeuwis
407,Don't Give up the Fight,Racoon
408,I Follow Rivers - Live @ Giel!,Triggerfinger
409,Liverpool Rain,Racoon
410,No Mercy,Racoon
411,Peter Gunn Theme,"Emerson, Lake & Palmer"
412,Alors on danse,Stromae
413,The Eve of the War,Jeff Wayne
414,A Night Like This,Caro Emerald
415,Raise Your Glass,P!nk
416,Verdammt ich lieb dich - Remastered,Matthias Reim
417,Christmas Lights,Coldplay
418,The Promise You Made,Cock Robin
419,Back Home,Golden Earring
420,Times Are Changing,DI-RECT
421,Proosten,Guus Meeuwis
422,Just the Way You Are,Bruno Mars
423,Need You Now,Lady Antebellum
424,Man Down,Rihanna
425,Pyro,Kings of Leon
426,You Got It,Roy Orbison
427,Atmosphere - 2010 Remaster,Joy Division
428,Grenade,Bruno Mars
429,Have You Ever Been Mellow,Party Animals
430,Back Down South,Kings of Leon
431,Riverside,Agnes Obel
432,Hold On Tight,Solomon Burke
433,Someone Like You,Adele
434,Set Fire to the Rain,Adele
435,Rainbow In The Sky - K & A's Radio Blast,DJ Paul Elstak
436,Levels,Avicii
437,Somebody That I Used To Know,Gotye
438,Paradise,Coldplay
439,Rood,Marco Borsato
440,A Boy Named Sue (Live),Johnny Cash
441,Still Loving You,Scorpions
442,Little Black Submarines,The Black Keys
443,Walk,Foo Fighters
444,The A Team,Ed Sheeran
445,kom terug,Spinvis
446,Prachtig mooie dag,Daniël Lohues
447,lippy kids,Elbow
448,Titanium (feat. Sia),David Guetta
449,Faster,Within Temptation
450,Lonely Boy,The Black Keys
451,Turning Tables,Adele
452,Luv U More - K&A's Radio blast,DJ Paul
453,Kan Ik Iets Voor Je Doen,De Dijk
454,Driver's Seat,Sniff 'n' The Tears
455,Zing Voor Me,Lange Frans
456,Every Teardrop Is a Waterfall,Coldplay
457,Waarom Nou Jij,Marco Borsato
458,Mijn Vlakke Land,Jacques Brel
459,Rumour Has It,Adele
460,Keep Your Head Up,Ben Howard
461,Pumped Up Kicks,Foster The People
462,Happiness,Jonathan Jeremiah
463,Give Me Love,Ed Sheeran
464,Gold on the Ceiling,The Black Keys
465,Ni**as In Paris,JAY-Z
466,Run the World (Girls),Beyoncé
467,I Won' T Let You Down,Road Band
468,Love On Top,Beyoncé
469,Lego House,Ed Sheeran
470,Skinny Love,Birdy
471,Dust Bowl,Joe Bonamassa
472,Damn Those Eyes,Kane
473,These Days,Foo Fighters
474,Original Sin,INXS
475,Terug Naar De Kust,Maggie MacNeal
476,Georgia on My Mind,Ray Charles
477,Charlie Brown,Coldplay
478,I've Just Lost Somebody,Golden Earring
479,Skyfall - Full Length,Adele
480,Zo Stil,BLØF
481,Holiday In Spain,Counting Crows
482,Radioactive,Imagine Dragons
483,Video Games - Remastered,Lana Del Rey
484,Demons,Imagine Dragons
485,She,Elvis Costello
486,Just Give Me a Reason (feat. Nate Ruess),P!nk
487,Try,P!nk
488,I Will Wait,Mumford & Sons
489,Home Again,Kensington
490,Tubular Bells,Mike Oldfield
491,Winter,Tori Amos
492,Droomland,Andre Hazes
493,Wat Zou Je Doen?,BLØF
494,Madness,Muse
495,Sovereign Light Café,Keane
496,Can't Hold Us - feat. Ray Dalton,Macklemore & Ryan Lewis
497,Lover of the Light,Mumford & Sons
498,San Quentin,Johnny Cash
499,On Top Of The World,Imagine Dragons
500,Flappie,Youp van 't Hek
501,Home Again,Michael Kiwanuka
502,If You Could See Me Now,The Script
503,Hall of Fame,The Script
504,Dodenrit,Drs. P
505,When I Was Your Man,Bruno Mars
506,I Won't Give Up,Jason Mraz
507,Slapeloze Nachten,The Opposites
508,One Moment in Time,Whitney Houston
509,Zaterdag,BLØF
510,Babel,Mumford & Sons
511,Hopeless Wanderer,Mumford & Sons
512,Follow the Sun,Xavier Rudd
513,Later Als Ik Groter Ben,BLØF
514,Clown,Emeli Sandé
515,Stay - Album Version (Edited),Rihanna
516,Diamonds,Rihanna
517,It's Time,Imagine Dragons
518,Little Talks,Of Monsters and Men
519,Euphoria,Loreen
520,Oceaan,Racoon
521,Lola Montez,Volbeat
522,Wake Me Up,Avicii
523,Formidable,Stromae
524,Do I Wanna Know?,Arctic Monkeys
525,Another Love,Tom Odell
526,Hey Brother,Avicii
527,I See Fire,Ed Sheeran
528,This Is What It Feels Like,Armin van Buuren
529,All of Me,John Legend
530,Dansen Op De Vulkaan,De Dijk
531,Witch Doctor,De Staat
532,Diamonds,The Boxer Rebellion
533,Let Her Go,Passenger
534,Papaoutai,Stromae
535,Strong,London Grammar
536,Layla,Derek & The Dominos
537,Pompeii,Bastille
538,Waves,Mr. Probz
539,Get Lucky (feat. Pharrell Williams & Nile Rodgers) - Radio Edit,Daft Punk
540,All I Want,Kodaline
541,Addicted To You,Avicii
542,Animals,Martin Garrix
543,Just Say Yes,Snow Patrol
544,Watermensen,3JS
545,Sky and Sand,Paul Kalkbrenner
546,The Monster,Eminem
547,Mirrors,Justin Timberlake
548,Story of My Life,One Direction
549,Royals,Lorde
550,tous les mêmes,Stromae
551,Mijn Van Straat Geredde Roos,De Dijk
552,Love You Like I Love Myself,Herman Brood & His Wild Romance
553,I Sat By The Ocean,Queens of the Stone Age
554,Everybody (Backstreet's Back) - Radio Edit,Backstreet Boys
555,A Ton of Love,Editors
556,Foolish Games,Jewel
557,Grow Old with Me,Tom Odell
558,Things We Lost In The Fire,Bastille
559,Blurred Lines,Robin Thicke
560,The Road To Mandalay,Robbie Williams
561,Iron Sky,Paolo Nutini
562,A Sky Full of Stars,Coldplay
563,Rolling In The Deep,Adele
564,Streets,Kensington
565,Thinking out Loud,Ed Sheeran
566,Take Me to Church,Hozier
567,Une belle histoire,Michel Fugain
568,In Your Arms,Chef'Special
569,Born Slippy (Nuxx),Underworld
570,War,Kensington
571,Op 't platteland,Daniël Lohues
572,"Happy - From ""Despicable Me 2""",Pharrell Williams
573,Calm After The Storm,The Common Linnets
574,Riddles,Kensington
575,Under The Pressure,The War On Drugs
576,Magic,Coldplay
577,Photograph,Ed Sheeran
578,All For Nothing,Kensington
579,My Silver Lining,First Aid Kit
580,Zandloper,Typhoon
581,Home,Dotan
582,Red Eyes,The War On Drugs
583,L'amour Toujours (Small Mix),Gigi D'Agostino
584,"See Me, Feel Me - Single Version",The Who
585,Hemel Valt,Typhoon
586,Glycerine,Bush
587,Wit Licht,Jeroen van Koningsbrugge
588,Yellow Submarine,The Beatles
589,California Love,2Pac
590,Superheroes,The Script
591,Stay With Me,Sam Smith
592,Shake It Off,Taylor Swift
593,Looking Too Closely,Fink
594,No Good in Goodbye,The Script
595,Counting Stars,OneRepublic
596,Time After Time,Cyndi Lauper
597,Sexy Als Ik Dans,Nielson
598,Done With It,Kensington
599,Love Never Felt So Good,Michael Jackson
600,Shut Up and Dance,WALK THE MOON
601,Nothing Really Matters,Mr. Probz
602,Promises of No Man's Land,Blaudzun
603,Let It Go,James Bay
604,The Sound of Silence,Disturbed
605,Het Dorp - Live,Wim Sonneveld
606,Psycho,Muse
607,Élan,Nightwish
608,Dat Ik Je Mis,Maaike Ouboter
609,Heading Up High,Armin van Buuren
610,Zeg Maar Niets Meer - Remastered,Andre Hazes
611,Chandelier,Sia
612,Uptown Funk,Mark Ronson
613,Birds,Anouk
614,Michel,Anouk
615,Let It Happen,Tame Impala
616,Everglow,Coldplay
617,The Less I Know The Better,Tame Impala
618,Ordinary Love,U2
619,Stressed Out,Twenty One Pilots
620,For Bitter Or Worse,Anouk
621,All I Need - Edit,Air
622,Hymn for the Weekend,Coldplay
623,Adventure of a Lifetime,Coldplay
624,Three Days In A Row,Anouk
625,Moondance,Van Morrison
626,R U Kiddin' Me,Anouk
627,"Theme From New York, New York",Frank Sinatra
628,Hold Me,Douwe Bob
629,Budapest,George Ezra
630,Shoes of Lightning,Racoon
631,Mercy,Muse
632,Tennessee Whiskey,Chris Stapleton
633,"Oxygene, Pt. 4",Jean-Michel Jarre
634,A Head Full of Dreams,Coldplay
635,We Come 1 - Radio Edit,Faithless
636,Forever Man - 2015 Remaster,Eric Clapton
637,Down Man,Brainbox
638,Liquid Spirit - Claptone Remix,Gregory Porter
639,Living Doll - 2003 Remaster,Cliff Richard & The Drifters
640,Ocean of Night,Editors
641,Be the One,Dua Lipa
642,Up&Up,Coldplay
643,Ship To Wreck,Florence + The Machine
644,Love Yourself,Justin Bieber
645,Happy Xmas (War Is Over),John Lennon
646,Sorry,Kensington
647,Cold Little Heart,Michael Kiwanuka
648,Barcelona,Freddie Mercury
649,Leef,André Hazes Jr.
650,Hello,Adele
651,Against All Odds (Take a Look at Me Now) - 2016 Remaster,Phil Collins
652,Treur Niet (Ode Aan Het Leven),Diggy Dex
653,When We Were Young,Adele
654,Do I Ever,Kensington
655,"CAN'T STOP THE FEELING! (Original Song from DreamWorks Animation's ""TROLLS"")",Justin Timberlake
656,Whatever You Want,Status Quo
657,Lazarus,David Bowie
658,Million Years Ago,Adele
659,Dark Necessities,Red Hot Chili Peppers
660,You Want It Darker,Leonard Cohen
661,Bridges,Kensington
662,Once Upon a Time in the West - Main Theme,Ennio Morricone
663,Mooi,Marco Borsato
664,I Just Can't Help Believin',Elvis Presley
665,Love & Hate,Michael Kiwanuka
666,New Gold Dream (81/82/83/84),Simple Minds
667,Disco Inferno,The Trammps
668,Someone Somewhere (In Summertime),Simple Minds
669,24K Magic,Bruno Mars
670,Blackstar,David Bowie
671,Water Under the Bridge,Adele
672,All I Ask,Adele
673,The Life I Live,Q'65
674,We All Stand Together - Remastered 2016,Paul McCartney
675,Heathens,Twenty One Pilots
676,Jacob’s Song,Douwe Bob
677,Way Down We Go,KALEO
678,7 Years,Lukas Graham
679,Forbidden Colours,Ryuichi Sakamoto
680,The Book Of Love,Gavin James
681,Zoutelande - feat. Geike,BLØF
682,Pokémon Theme-New Studio Recording,Jason Paige
683,Perfect,Ed Sheeran
684,Thriller,Michael Jackson
685,Boulevard of Broken Dreams,Green Day
686,What About Us,P!nk
687,Shape of You,Ed Sheeran
688,Believer,Imagine Dragons
689,Human,Rag'n'Bone Man
690,Het het nog nooit zo donker west,Ede Staal
691,Castle on the Hill,Ed Sheeran
692,Sign of the Times,Harry Styles
693,In the Blood,John Mayer
694,Nao ’t Zuuje,Lex Uiting
695,"Roll Over Lay Down - Live At The Kursaal, Southend / 1975",Status Quo
696,Whatever It Takes,Imagine Dragons
697,Amigo,Chef'Special
698,Iederene Hef Een Reden,Bökkers
699,Everything Now,Arcade Fire
700,Sorry,Nothing But Thieves
701,One More Light,Linkin Park
702,Through the Barricades - Remastered,Spandau Ballet
703,Freedom! '90 - Remastered,George Michael
704,Amsterdam,Nothing But Thieves
705,Something Just Like This,The Chainsmokers
706,Thunder,Imagine Dragons
707,Thinking Of A Place,The War On Drugs
708,Happier,Ed Sheeran
709,Galway Girl,Ed Sheeran
710,Sunny Days,Armin van Buuren
711,Supermarket Flowers,Ed Sheeran
712,Holiday,Green Day
713,Max,Paolo Conte
714,Rapper's Delight,The Sugarhill Gang
715,Pain,The War On Drugs
716,Love On The Rocks,Neil Diamond
717,Tuesday Afternoon (Forever Afternoon),The Moody Blues
718,Magnificent (She Says),Elbow
719,Nicotine,Chef'Special
720,Homesick,Dua Lipa
721,Beautiful Trauma,P!nk
722,World Gone Mad,Bastille
723,Leave a Light On,Tom Walker
724,Skin,Rag'n'Bone Man
725,Lost on You,LP
726,Shallow,Lady Gaga
727,Kleine Jongen,Andre Hazes
728,Duurt Te Lang,Davina Michelle
729,I Want To Break Free,Queen
730,September,"Earth, Wind & Fire"
731,Voor Haar,Frans Halsema
732,Testament,Boudewijn de Groot
733,Atemlos durch die Nacht,Helene Fischer
734,Zij Gelooft In Mij,Andre Hazes
735,Verdronken Vlinder,Boudewijn de Groot
736,Als Het Avond Is,Suzan & Freek
737,De Vlieger,Andre Hazes
738,Geef Mij Je Angst,Andre Hazes
739,Natural,Imagine Dragons
740,IJskoud,Nielson
741,Welterusten Mijnheer De President,Boudewijn de Groot
742,Jimmy,Boudewijn de Groot
743,Bad Liar,Imagine Dragons
744,Sammy,Ramses Shaffy
745,High Hopes,Panic! At The Disco
746,Het Land Van Maas En Waal,Boudewijn de Groot
747,Shotgun,George Ezra
748,New Light,John Mayer
749,You Say,Lauren Daigle
750,Een Beetje Verliefd,Andre Hazes
751,Someone You Loved,Lewis Capaldi
752,Banger Hart - Radio Mix,Rob De Nijs
753,Malle Babbe,Rob De Nijs
754,Vluchten Kan Niet Meer,Frans Halsema
755,Faded,Alan Walker
756,High On Life (feat. Bonn),Martin Garrix
757,Het Is Koud Zonder Jou,Andre Hazes
758,N Vriend,Andre Hazes
759,Always Remember Us This Way,Lady Gaga
760,Een Meisje Van Zestien,Boudewijn de Groot
761,Why Don't You Do Right,Beth Hart
762,De Zon Op,Diggy Dex
763,Youngblood,5 Seconds of Summer
764,Prikkebeen,Boudewijn de Groot
765,Outlaw In 'Em,Waylon
766,Als De Rook Om Je Hoofd Is Verdwenen,Boudewijn de Groot
767,Skandal im Sperrbezirk,Spider Murphy Gang
768,Pain and Misery,The Teskey Brothers
769,I Do,Douwe Bob
770,Het Laatste Rondje - Remastered,Andre Hazes
771,Guiding Light,Mumford & Sons
772,Havana (feat. Young Thug),Camila Cabello
773,Hou Vol Hou Vast,BLØF
774,One Kiss (with Dua Lipa),Calvin Harris
775,Nothing Breaks Like a Heart (feat. Miley Cyrus),Mark Ronson
776,Lay Your Weapons Down,Ilse DeLange
777,In My Blood,Shawn Mendes
778,Roller Coaster,Danny Vera
779,Arcade,Duncan Laurence
780,A Whiter Shade of Pale - Original Single Version,Procol Harum
781,Don't You (Forget About Me),Simple Minds
782,The Load-Out - Remastered,Jackson Browne
783,Stay - Remastered,Jackson Browne
784,Last Christmas,Wham!
785,Time To Give,White Lies
786,bad guy,Billie Eilish
787,Memories,Maroon 5
788,Love Like Blood,Killing Joke
789,Reünie,Snelle
790,About A Girl - Live Version,Nirvana
791,DEUTSCHLAND,Rammstein
792,Phantom Of The Opera,Floor Jansen
793,Dance Monkey,Tones and I
794,Blauwe Dag,Suzan & Freek
795,Homburg - Single Version - 2009 Remaster - Mono,Procol Harum
796,Uncharted,Kensington
797,Despacito,Luis Fonsi
798,Dancing On My Own,Calum Scott
799,Child in Time,Deep Purple
800,Let It Be - Remastered 2009,The Beatles
801,Bridge Over Troubled Water,Simon & Garfunkel
802,Paranoid - 2016 Remaster,Black Sabbath
803,Have You Ever Seen The Rain,Creedence Clearwater Revival
804,Your Song,Elton John
805,The Boxer,Simon & Garfunkel
806,Du,Peter Maffay
807,I Walk the Line,Johnny Cash
808,Samba Pa Ti,Santana
809,Immigrant Song - Remaster,Led Zeppelin
810,Who'll Stop The Rain,Creedence Clearwater Revival
811,Our House,"Crosby, Stills, Nash & Young"
812,Teach Your Children,"Crosby, Stills, Nash & Young"
813,The Long And Winding Road - Remastered 2009,The Beatles
814,Father And Son,Yusuf / Cat Stevens
815,Almost Cut My Hair,"Crosby, Stills, Nash & Young"
816,El Condor Pasa (If I Could),Simon & Garfunkel
817,Question,The Moody Blues
818,I Heard It Through The Grapevine,Creedence Clearwater Revival
819,Since I've Been Loving You - 1990 Remaster,Led Zeppelin
820,Get Back - Remastered 2009,The Beatles
821,The Man Who Sold the World - 2015 Remaster,David Bowie
822,Long As I Can See The Light,Creedence Clearwater Revival
823,Roadhouse Blues,The Doors
824,My Sweet Lord,George Harrison
825,Memories,Earth & Fire
826,Cecilia,Simon & Garfunkel
827,Fire and Rain,James Taylor
828,Lookin' Out My Back Door,Creedence Clearwater Revival
829,25 or 6 to 4 - 2002 Remaster,Chicago
830,Working Class Hero - Remastered 2010 / Lennon Legend Version,John Lennon
831,Lucky Man - 2012 Remastered Version,"Emerson, Lake & Palmer"
832,Into the Mystic - 2013 Remaster,Van Morrison
833,Carry On,"Crosby, Stills, Nash & Young"
834,(They Long To Be) Close To You,Carpenters
835,Move On Up,Curtis Mayfield
836,Tears In The Morning - Remastered 2009,The Beach Boys
837,Up Around The Bend,Creedence Clearwater Revival
838,Southern Man - 2009 Remaster,Neil Young
839,Stairway to Heaven - Remaster,Led Zeppelin
840,Imagine - Remastered,John Lennon
841,Riders on the Storm,The Doors
842,Echoes,Pink Floyd
843,Vincent,Don McLean
844,Me and Bobby McGee,Janis Joplin
845,Baba O'Riley,The Who
846,Life on Mars? - 2015 Remaster,David Bowie
847,I Am...I Said - Single Version,Neil Diamond
848,Ain't No Sunshine,Bill Withers
849,Wild Horses,The Rolling Stones
850,L.A. Woman,The Doors
851,What's Going On,Marvin Gaye
852,Halo of Flies,Alice Cooper
853,American Pie,Don McLean
854,Tiny Dancer,Elton John
855,Morning Has Broken,Yusuf / Cat Stevens
856,One Way Wind,The Cats
857,One of These Days,Pink Floyd
858,Nothing Rhymed,Gilbert O'Sullivan
859,Brown Sugar - Remastered,The Rolling Stones
860,You've Got a Friend,Carole King
861,Locomotive Breath,Jethro Tull
862,She Flies On Strange Wings,Golden Earring
863,Changes - 2015 Remaster,David Bowie
864,Mercedes Benz,Janis Joplin
865,Honky Tonk Women - Mono Version,The Rolling Stones
866,You've Got a Friend,James Taylor
867,Cry Baby,Janis Joplin
868,Storm And Thunder,Earth & Fire
869,Roundabout - 2003 Remaster,Yes
870,Maggie May,Rod Stewart
871,Won't Get Fooled Again - Original Album Version,The Who
872,After Midnight,J.J. Cale
873,Give Up Your Guns,The Buoys
874,Love Her Madly,The Doors
875,Rock and Roll - Remaster,Led Zeppelin
876,Black Dog - Remaster,Led Zeppelin
877,Call Me The Breeze,J.J. Cale
878,Famous Blue Raincoat,Leonard Cohen
879,Behind Blue Eyes,The Who
880,Yours Is No Disgrace - 2003 Remaster,Yes
881,See Emily Play,Pink Floyd
882,Smoke on the Water,Deep Purple
883,Perfect Day,Lou Reed
884,"Rocket Man (I Think It's Going To Be A Long, Long Time)",Elton John
885,Heart of Gold - 2009 Remaster,Neil Young
886,Starman - 2012 Remaster,David Bowie
887,Take It Easy - 2013 Remaster,Eagles
888,A Horse with No Name,America
889,Time In A Bottle,Jim Croce
890,Lola - Live,The Kinks
891,Easy Livin',Uriah Heep
892,Ben - Single Version,Michael Jackson
893,Walk On the Wild Side,Lou Reed
894,She's A Rainbow - Full Version / With Intro,The Rolling Stones
895,You're so Vain,Carly Simon
896,Ziggy Stardust - 2012 Remaster,David Bowie
897,Whiskey In The Jar,Thin Lizzy
898,Listen to the Music,The Doobie Brothers
899,Top Of The World,Carpenters
900,School's Out,Alice Cooper
901,A Thing Called Love,Johnny Cash
902,Harvest - 2009 Remaster,Neil Young
903,Sylvia's Mother,Dr. Hook
904,"Close to the Edge (i. The Solid Time of Change, ii. Total Mass Retain, iii. I Get up I Get Down, iv. Seasons of Man) - 2003 Remaster",Yes
905,Ventura Highway,America
906,Witchy Woman - Eagles 2013 Remaster,Eagles
907,Song Sung Blue - Single Version,Neil Diamond
908,Sylvia,Focus
909,Peaceful Easy Feeling - Eagles 2013 Remaster,Eagles
910,Do It Again,Steely Dan
911,Radar Love,Golden Earring
912,Angie,The Rolling Stones
913,Desperado - 2013 Remaster,Eagles
914,Dream On,Aerosmith
915,Time,Pink Floyd
916,Free Bird,Lynyrd Skynyrd
917,Money,Pink Floyd
918,Always On My Mind,Elvis Presley
919,The Great Gig in the Sky,Pink Floyd
920,La Grange - 2005 Remaster,ZZ Top
921,"Leaving, On a Jet Plane - ""Greatest Hits"" Version",John Denver
922,Us and Them,Pink Floyd
923,Firth of Fifth - New Stereo Mix,Genesis
924,Band On The Run - Remastered 2010,Paul McCartney
925,Sebastian - 2012 Remaster,Steve Harley & Cockney Rebel
926,Tequila Sunrise - 2013 Remaster,Eagles
927,Knockin' On Heaven's Door - Remastered,Bob Dylan
928,Burning Love,Elvis Presley
929,Goodbye Yellow Brick Road - Remastered 2014,Elton John
930,Midnight Train to Georgia,Gladys Knight & The Pips
931,Daniel,Elton John
932,The Joker,Steve Miller Band
933,Long Train Runnin',The Doobie Brothers
934,I'll Have To Say I Love You In A Song,Jim Croce
935,The Jean Genie - 2013 Remaster,David Bowie
936,Merry Xmas Everybody,Slade
937,Woman from Tokyo,Deep Purple
938,Don't Let Me Down - Remastered 2009,The Beatles
939,Let's Get It On,Marvin Gaye
940,School,Supertramp
941,Jolene,Dolly Parton
942,Killer Queen - 2011 Mix,Queen
943,Sweet Home Alabama,Lynyrd Skynyrd
944,Waterloo,ABBA
945,Annie's Song,John Denver
946,Dreamer,Supertramp
947,You Are So Beautiful,Joe Cocker
948,My Boy,Elvis Presley
949,Rebel Rebel - 2016 Remaster,David Bowie
950,Crime Of The Century,Supertramp
951,Autobahn - 2009 Remaster,Kraftwerk
952,I Will Always Love You,Dolly Parton
953,Thank God I'm a Country Boy,John Denver
954,The Air That I Breathe - 2008 Remaster,The Hollies
955,Love Is All,Roger Glover
956,Hide In Your Shell,Supertramp
957,Gute Nacht Freunde,Reinhard Mey
958,Fox On The Run,Sweet
959,You Ain't Seen Nothing Yet,Bachman-Turner Overdrive
960,Mandy,Barry Manilow
961,Can't Get It out of My Head,Electric Light Orchestra
962,The Way We Were,Barbra Streisand
963,Bohemian Rhapsody - 2011 Mix,Queen
964,Love Of My Life - Remastered 2011,Queen
965,Shine On You Crazy Diamond (Pts. 1-5),Pink Floyd
966,Born to Run,Bruce Springsteen
967,Kashmir - 1990 Remaster,Led Zeppelin
968,"No Woman, No Cry - Live At The Lyceum, London/1975",Bob Marley & The Wailers
969,One of These Nights - 2013 Remaster,Eagles
970,Mamma Mia,ABBA
971,Landslide,Fleetwood Mac
972,Thunder Road,Bruce Springsteen
973,I'm Not In Love,10cc
974,Rhiannon,Fleetwood Mac
975,Lyin' Eyes - 2013 Remaster,Eagles
976,You're My Best Friend - Remastered 2011,Queen
977,Jungleland,Bruce Springsteen
978,Love Hurts,Nazareth
979,Down Down,Status Quo
980,Sailing,Rod Stewart
981,39 - 2011 Mix,Queen
982,Calypso,John Denver
983,50 Ways to Leave Your Lover,Paul Simon
984,It's A Long Way There - 2010 Digital Remaster,Little River Band
985,Crazy On You,Heart
986,Wij Zullen Doorgaan - 1975 Single Version,Ramses Shaffy
987,Make Me Smile (Come up and See Me) - 2014 Remaster,Steve Harley
988,House For Sale,Lucifer
989,S.O.S.,ABBA
990,Nights On Broadway,Bee Gees
991,At Seventeen - Remastered,Janis Ian
992,Take It to the Limit - 2013 Remaster,Eagles
993,Fame - 2016 Remaster,David Bowie
994,Sex Machine - Pt. 1 & 2,James Brown
995,Show Me The Way,Peter Frampton
996,Meeting Across the River,Bruce Springsteen
997,Love Is The Drug,Roxy Music
998,Still Crazy After All These Years,Paul Simon
999,Hotel California - 2013 Remaster,Eagles
1000,Somebody To Love - 2011 Mix,Queen
1001,Dancing Queen,ABBA
1002,The Last Resort - 2013 Remaster,Eagles
1003,Hurricane,Bob Dylan
1004,More Than a Feeling,Boston
1005,(Don't Fear) The Reaper,Blue Öyster Cult
1006,New Kid in Town - 2013 Remaster,Eagles
1007,If You Leave Me Now,Chicago
1008,Wild Is the Wind - 2016 Remaster,David Bowie
1009,Tie Your Mother Down - Remastered 2011,Queen
1010,Fernando,ABBA
1011,"Knowing Me, Knowing You",ABBA
1012,Fool To Cry - Remastered 2009,The Rolling Stones
1013,Carry on Wayward Son,Kansas
1014,New York State of Mind,Billy Joel
1015,Golden Years - 2016 Remaster,David Bowie
1016,Isn't She Lovely,Stevie Wonder
1017,I Wish,Stevie Wonder
1018,Tom Traubert's Blues (Four Sheets To The Wind In Copenhagen),Tom Waits
1019,The Boys Are Back In Town,Thin Lizzy
1020,Livin' Thing,Electric Light Orchestra
1021,Sir Duke,Stevie Wonder
1022,Blitzkrieg Bop - 2016 Remaster,Ramones
1023,Fly Like An Eagle,Steve Miller Band
1024,Blinded By The Light,Manfred Mann's Earth Band
1025,Cocaine,J.J. Cale
1026,The Ballroom Blitz,Sweet
1027,"Money, Money, Money",ABBA
1028,Wasted Time - 2013 Remaster,Eagles
1029,Theme From Mahogany (Do You Know Where You're Going To) - Single Version,Diana Ross
1030,Heroes - 2017 Remaster,David Bowie
1031,Paradise By the Dashboard Light,Meat Loaf
1032,Go Your Own Way - 2004 Remaster,Fleetwood Mac
1033,Mr. Blue Sky,Electric Light Orchestra
1034,Fool's Overture,Supertramp
1035,Whole Lotta Rosie,AC/DC
1036,We Will Rock You - Remastered,Queen
1037,The Chain - 2004 Remaster,Fleetwood Mac
1038,Three Little Birds,Bob Marley & The Wailers
1039,We Are The Champions - Remastered 2011,Queen
1040,She's Always a Woman,Billy Joel
1041,Worn Down Piano,The Mark & Clark Band
1042,Dust in the Wind,Kansas
1043,Bat Out of Hell,Meat Loaf
1044,Solsbury Hill,Peter Gabriel
1045,Thank You For The Music,ABBA
1046,Wonderful Tonight,Eric Clapton
1047,Lust For Life,Iggy Pop
1048,She's Not There,Santana
1049,Stayin' Alive,Bee Gees
1050,Psycho Killer - 2005 Remaster,Talking Heads
1051,Fantasy,"Earth, Wind & Fire"
1052,Songbird - 2004 Remaster,Fleetwood Mac
1053,Let There Be Rock,AC/DC
1054,Don't Stop - 2004 Remaster,Fleetwood Mac
1055,I Feel Love,Donna Summer
1056,The Passenger,Iggy Pop
1057,Het Werd Zomer,Rob De Nijs
1058,Take A Chance On Me,ABBA
1059,Give A Little Bit,Supertramp
1060,Sound and Vision - 2017 Remaster,David Bowie
1061,Spread Your Wings - 2011 Mix,Queen
1062,You Took The Words Right Out of My Mouth (Hot Summer Night),Meat Loaf
1063,Two Out of Three Ain't Bad,Meat Loaf
1064,Cocaine,Eric Clapton
1065,Barracuda,Heart
1066,One Love / People Get Ready - Medley,Bob Marley & The Wailers
1067,Cold as Ice,Foreigner
1068,The Name Of The Game,ABBA
1069,Mannish Boy,Muddy Waters
1070,I Want You to Want Me,Cheap Trick
1071,Scenes from an Italian Restaurant,Billy Joel
1072,God Save the Queen,Sex Pistols
1073,La vie en rose,Grace Jones
1074,Spanish Stroll,Mink DeVille
1075,Le Freak - 2018 Remaster,CHIC
1076,Lovely Day,Bill Withers
1077,Isn't It Time,The Babys
1078,Just the Way You Are,Billy Joel
1079,Anarchy in the U.K.,Sex Pistols
1080,You Make Loving Fun - 2004 Remaster,Fleetwood Mac
1081,Sultans of Swing,Dire Straits
1082,Don't Stop Me Now - 2011 Mix,Queen
1083,Laat Me,Ramses Shaffy
1084,Wuthering Heights,Kate Bush
1085,Saturday Night,Herman Brood & His Wild Romance
1086,Roxanne,The Police
1087,Hold the Line,TOTO
1088,The Man with the Child in His Eyes,Kate Bush
1089,Badlands,Bruce Springsteen
1090,Baker Street,Gerry Rafferty
1091,Dreadlock Holiday,10cc
1092,Fat Bottomed Girls - Single Version,Queen
1093,Runnin' with the Devil - 2015 Remaster,Van Halen
1094,Bicycle Race - Remastered 2011,Queen
1095,Follow You Follow Me - 2007 Remaster,Genesis
1096,So Lonely,The Police
1097,How You Gonna See Me Now,Alice Cooper
1098,Miss You - Remastered,The Rolling Stones
1099,"Stir It Up - Live At The Pavillon De Paris, 1977",Bob Marley & The Wailers
1100,Is This Love,Bob Marley & The Wailers
1101,Because the Night,Patti Smith
1102,What a Fool Believes,The Doobie Brothers
1103,Still Believe,Herman Brood & His Wild Romance
1104,Rivers of Babylon,Boney M.
1105,Don't Look Back,Boston
1106,Beast Of Burden - Remastered,The Rolling Stones
1107,Honesty,Billy Joel
1108,Born to Be Alive - Original Mix 79,Patrick Hernandez
1109,Fire,The Pointer Sisters
1110,You Don't Bring Me Flowers,Neil Diamond
1111,Water of Love,Dire Straits
1112,Comfortably Numb,Pink Floyd
1113,Highway to Hell,AC/DC
1114,"Another Brick in the Wall, Pt. 2",Pink Floyd
1115,The Rose,Bette Midler
1116,The Logical Song - Remastered 2010,Supertramp
1117,I Was Made For Lovin' You,KISS
1118,Gimme! Gimme! Gimme! (A Man After Midnight),ABBA
1119,Message In A Bottle,The Police
1120,Hey You,Pink Floyd
1121,One Step Beyond,Madness
1122,Chiquitita,ABBA
1123,Does Your Mother Know,ABBA
1124,How Deep Is Your Love,Bee Gees
1125,Bright Eyes,Art Garfunkel
1126,Take The Long Way Home - 2010 Remastered,Supertramp
1127,Breakfast In America - Remastered,Supertramp
1128,I Have A Dream,ABBA
1129,Boogie Wonderland,"Earth, Wind & Fire"
1130,Boys Don't Cry - Single Version,The Cure
1131,Voulez-Vous,ABBA
1132,September Morn,Neil Diamond
1133,MacArthur Park - Single Version,Donna Summer
1134,Don't Stop 'Til You Get Enough - Single Version,Michael Jackson
1135,London Calling - Remastered,The Clash
1136,Night Boat to Cairo,Madness
1137,Goodbye Stranger - 2010 Remastered,Supertramp
1138,Walking On The Moon,The Police
1139,Don't Bring Me Down,Electric Light Orchestra
1140,Tragedy,Bee Gees
1141,Off the Wall,Michael Jackson
1142,The Worker,Fischer-Z
1143,Sure Know Something,KISS
1144,Relight My Fire - Single Version,Dan Hartman
1145,Weekend Love,Golden Earring
1146,"More Than A Woman - From ""Saturday Night Fever"" Soundtrack",Bee Gees
1147,Rock with You - Single Version,Michael Jackson
1148,Weekend,Earth & Fire
1149,Dancin' Fool,Frank Zappa
1150,We Belong to the Night,Ellen Foley
1151,Sausolito Summernight - Digitally Remastered 2017,Diesel
1152,The River,Bruce Springsteen
1153,A Forest - Remastered Version,The Cure
1154,The Winner Takes It All,ABBA
1155,Ace of Spades,Motörhead
1156,Another One Bites The Dust - Remastered 2011,Queen
1157,Back In Black,AC/DC
1158,Romeo and Juliet,Dire Straits
1159,Redemption Song,Bob Marley & The Wailers
1160,You Shook Me All Night Long,AC/DC
1161,Crazy Little Thing Called Love - Remastered 2011,Queen
1162,Lay All Your Love On Me,ABBA
1163,Long Blond Animal,Golden Earring
1164,Think,The Blues Brothers
1165,Once in a Lifetime - 2005 Remaster,Talking Heads
1166,The Turn of a Friendly Card,The Alan Parsons Project
1167,So Long,Fischer-Z
1168,Tunnel of Love (Intro: The Carousel Waltz),Dire Straits
1169,Happy New Year,ABBA
1170,Ashes to Ashes - 2017 Remaster,David Bowie
1171,Foto Van Vroeger,Rob De Nijs
1172,Could You Be Loved,Bob Marley & The Wailers
1173,9 to 5,Dolly Parton
1174,Everybody Needs Somebody to Love,The Blues Brothers
1175,Super Trouper,ABBA
1176,Save Me - Remastered 2011,Queen
1177,Keep on Loving You,REO Speedwagon
1178,Woman in Love,Barbra Streisand
1179,The Spirit Of Radio,Rush
1180,Baggy Trousers,Madness
1181,Hungry Heart,Bruce Springsteen
1182,Guilty (feat. Barry Gibb),Barbra Streisand
1183,Biko,Peter Gabriel
1184,Food For Thought,UB40
1185,Late in the Evening,Paul Simon
1186,Enola Gay - Remastered,Orchestral Manoeuvres In The Dark
1187,Master Blaster (Jammin'),Stevie Wonder
1188,Don't Stand So Close To Me,The Police
1189,Wish You Were Here,Pink Floyd
1190,In The Air Tonight - 2015 Remastered,Phil Collins
1191,Don't Stop Believin',Journey
1192,The Day Before You Came,ABBA
1193,Golden Brown,The Stranglers
1194,Every Little Thing She Does Is Magic,The Police
1195,Start Me Up - Remastered,The Rolling Stones
1196,One Of Us,ABBA
1197,Waiting On A Friend - Remastered 2009,The Rolling Stones
1198,Tainted Love,Soft Cell
1199,Memory,Barbra Streisand
1200,Everytime I Think of You - 2000 Remaster,The Babys
1201,Don't You Want Me,The Human League
1202,I'll Find My Way Home - Remastered,Jon & Vangelis
1203,Je Loog Tegen Mij,Drukwerk
1204,Africa,TOTO
1205,Telegraph Road,Dire Straits
1206,Under Pressure - Remastered,Queen
1207,Old and Wise,The Alan Parsons Project
1208,Private Investigations,Dire Straits
1209,Billie Jean,Michael Jackson
1210,Run to the Hills - 2015 Remaster,Iron Maiden
1211,Twilight Zone,Golden Earring
1212,Eye In The Sky,The Alan Parsons Project
1213,Rosanna,TOTO
1214,Is She Really Going Out With Him? - Live,Joe Jackson
1215,Bloedend Hart,De Dijk
1216,Belgie ... (Is Er Leven Op Pluto ...),Het Goede Doel
1217,1999,Prince
1218,Islands In the Stream,Dolly Parton
1219,Real Men,Joe Jackson
1220,Come On Eileen,Dexys Midnight Runners
1221,Kristallnaach,BAP
1222,State of Independence,Donna Summer
1223,You Can't Hurry Love - 2016 Remaster,Phil Collins
1224,Burning Heart,Vandenberg
1225,Always On My Mind,Willie Nelson
1226,Sexual Healing,Marvin Gaye
1227,Vriendschap,Het Goede Doel
1228,Human Nature,Michael Jackson
1229,Save a Prayer - 2009 Remaster,Duran Duran
1230,Should I Stay or Should I Go - Remastered,The Clash
1231,P.Y.T. (Pretty Young Thing),Michael Jackson
1232,Wanna Be Startin' Somethin',Michael Jackson
1233,It's Raining Again,Supertramp
1234,Steppin' Out,Joe Jackson
1235,A Slow Song,Joe Jackson
1236,Sunday Bloody Sunday - Remastered 2008,U2
1237,Every Breath You Take,The Police
1238,Mama - 2007 Remaster,Genesis
1239,99 Luftballons,Nena
1240,Sweet Dreams (Are Made of This) - Remastered,Eurythmics
1241,I'm Still Standing,Elton John
1242,Let's Dance - 2018 Remaster,David Bowie
1243,China Girl - 2002 Remaster,David Bowie
1244,Owner of a Lonely Heart,Yes
1245,Waterfront - 2002 Remaster,Simple Minds
1246,Our House,Madness
1247,Just Can't Get Enough (Live in Hammersmith) - 2018 Remaster,Depeche Mode
1248,Message To My Girl,Split Enz
1249,Hello,Lionel Richie
1250,Pride and Joy,Stevie Ray Vaughan
1251,Uptown Girl,Billy Joel
1252,I Heard It Through The Grapevine,Marvin Gaye
1253,Nescio,Nits
1254,Uncertain Smile,The The
1255,Home by the Sea - 2007 Remaster,Genesis
1256,Theme from Harry's Game,Clannad
1257,Nur geträumt,Nena
1258,Gloria - Live,U2
1259,Here Comes the Rain Again - Remastered Version,Eurythmics
1260,Girls Just Want to Have Fun,Cyndi Lauper
1261,Club Tropicana,Wham!
1262,Papa Can You Hear Me?,Barbra Streisand
1263,Karma Chameleon - Remastered,Culture Club
1264,Buffalo Soldier,Bob Marley & The Wailers
1265,Beast of Burden,Bette Midler
1266,Purple Rain,Prince
1267,When The Lady Smiles,Golden Earring
1268,Hallelujah,Leonard Cohen
1269,Summer Of '69,Bryan Adams
1270,Radio Ga Ga - 2011 Mix,Queen
1271,The Unforgettable Fire - Remastered 2009,U2
1272,Bad - Remastered 2009,U2
1273,I'm On Fire,Bruce Springsteen
1274,Pride (In The Name Of Love) - Remastered 2009,U2
1275,Fade To Black (Remastered),Metallica
1276,Dancing In the Dark,Bruce Springsteen
1277,Forever Young,Alphaville
1278,When Doves Cry,Prince
1279,I Want to Know What Love Is - 1999 Remaster,Foreigner
1280,Born in the U.S.A.,Bruce Springsteen
1281,Vienna,Ultravox
1282,My Hometown,Bruce Springsteen
1283,Slippery People - Live,Talking Heads
1284,The Power Of Love,Frankie Goes To Hollywood
1285,The Boys Of Summer,Don Henley
1286,Private Dancer - 2015 Remaster,Tina Turner
1287,Easy Lover,Philip Bailey
1288,Be My Number Two,Joe Jackson
1289,Tinseltown in the Rain,The Blue Nile
1290,Glory Days,Bruce Springsteen
1291,It's My Life - 1997 Remaster,Talk Talk
1292,Heaven,Bryan Adams
1293,Smalltown Boy,Bronski Beat
1294,I Would Die 4 U,Prince
1295,Thank God It's Christmas - 2011 Remaster,Queen
1296,Let's Go Crazy,Prince
1297,Wake Me up Before You Go-Go,Wham!
1298,You'll Never Walk Alone,Lee Towers
1299,Run To You,Bryan Adams
1300,Perhaps Love,John Denver
1301,Don't Answer Me,The Alan Parsons Project
1302,Nightporter,Japan
1303,Big in Japan,Alphaville
1304,Relax,Frankie Goes To Hollywood
1305,Two Tribes,Frankie Goes To Hollywood
1306,Dancing with Tears in My Eyes,Ultravox
1307,That Was Yesterday,Foreigner
1308,How Soon Is Now? - 2011 Remaster,The Smiths
1309,No Surrender,Bruce Springsteen
1310,Brothers in Arms,Dire Straits
1311,Jeanny,Falco
1312,Money for Nothing,Dire Straits
1313,Kronenburg Park,Frank Boeijen Groep
1314,Walk of Life,Dire Straits
1315,Take on Me,a-ha
1316,Groot Hart,De Dijk
1317,Alive And Kicking,Simple Minds
1318,Holding Back the Years - 2008 Remaster,Simply Red
1319,Running Up That Hill (A Deal With God),Kate Bush
1320,Cloudbusting,Kate Bush
1321,Binnen Zonder Kloppen,De Dijk
1322,Nikita,Elton John
1323,Everybody Wants To Rule The World,Tears For Fears
1324,Eye of the Tiger,Survivor
1325,Russians,Sting
1326,Dancing in the Street - 2002 Remaster,David Bowie
1327,Raspberry Beret,Prince
1328,Your Latest Trick,Dire Straits
1329,Road to Nowhere,Talking Heads
1330,Why Worry,Dire Straits
1331,Close to Me - Remastered,The Cure
1332,So Far Away,Dire Straits
1333,Broken Wings,Mr. Mister
1334,Shout,Tears For Fears
1335,Josephine,Chris Rea
1336,Greatest Love of All,Whitney Houston
1337,In Between Days - 2006 Remaster,The Cure
1338,I Got You Babe,UB40
1339,Moon Over Bourbon Street,Sting
1340,We Are The World,U.S.A. For Africa
1341,Out In The Fields,Gary Moore
1342,Hunting High and Low,a-ha
1343,Take Me Home - 2016 Remaster,Phil Collins
1344,Master of Puppets (Remastered),Metallica
1345,Angel Of Death,Slayer
1346,Livin' On A Prayer,Bon Jovi
1347,Graceland,Paul Simon
1348,Don't Give Up - 2012 Remaster,Peter Gabriel
1349,Sometimes It Snows in April,Prince
1350,A Kind Of Magic - Remastered 2011,Queen
1351,The Final Countdown,Europe
1352,De Verzoening,Frank Boeijen Groep
1353,I Want You,Elvis Costello & The Attractions
1354,You Can Call Me Al,Paul Simon
1355,Don't Dream It's Over,Crowded House
1356,Land of Confusion - 2007 Remaster,Genesis
1357,Life's What You Make It - 1997 Remaster,Talk Talk
1358,There Is a Light That Never Goes Out - 2011 Remaster,The Smiths
1359,You Give Love A Bad Name,Bon Jovi
1360,The Lady In Red,Chris de Burgh
1361,One Vision - Remastered 2011,Queen
1362,Diamonds on the Soles of Her Shoes,Paul Simon
1363,Absolute Beginners - 2002 Remaster,David Bowie
1364,Friends Will Be Friends - Remastered 2011,Queen
1365,Kiss,Prince
1366,In A Lifetime,Clannad
1367,Wanted Dead Or Alive,Bon Jovi
1368,True Colors,Cyndi Lauper
1369,Bigmouth Strikes Again - 2011 Remaster,The Smiths
1370,Anne,Herman van Veen
1371,You Can Leave Your Hat On,Joe Cocker
1372,Living in Another World - 1997 Remaster,Talk Talk
1373,"Fire - Live at the Winterland, San Francisco, CA - December 1978",Bruce Springsteen
1374,Sledgehammer - 2012 Remaster,Peter Gabriel
1375,Don't Leave Me This Way (with Sarah Jane Morris),The Communards
1376,The Way It Is,Bruce Hornsby
1377,Walk This Way (feat. Aerosmith),Run–D.M.C.
1378,I'll Be Over You,TOTO
1379,Why Can't This Be Love,Van Halen
1380,In Your Eyes - 2012 Remaster,Peter Gabriel
1381,Fight For Your Right,Beastie Boys
1382,Homeless (with Ladysmith Black Mambazo),Paul Simon
1383,Live to Tell,Madonna
1384,West End Girls - 2001 Remaster,Pet Shop Boys
1385,Invisible Touch - 2007 Remaster,Genesis
1386,Over De Muur,Klein Orkest
1387,Sweet Child O' Mine,Guns N' Roses
1388,With Or Without You - Remastered,U2
1389,Where The Streets Have No Name - Remastered,U2
1390,I Still Haven't Found What I'm Looking For,U2
1391,Paradise City,Guns N' Roses
1392,Fragile,Sting
1393,Englishman In New York,Sting
1394,Troy,Sinéad O'Connor
1395,Welcome To The Jungle,Guns N' Roses
1396,Tougher Than the Rest,Bruce Springsteen
1397,Smooth Criminal - 2012 Remaster,Michael Jackson
1398,Patience,Guns N' Roses
1399,Everywhere - 2017 Remaster,Fleetwood Mac
1400,I Will Follow - Live,U2
1401,Alone,Heart
1402,Sign 'O' the Times,Prince
1403,In the Dutch Mountains,Nits
1404,Never Tear Us Apart,INXS
1405,Here I Go Again - 2018 Remaster,Whitesnake
1406,Liefde Van Later,Herman van Veen
1407,Unchain My Heart,Joe Cocker
1408,"Non, je ne regrette rien",Édith Piaf
1409,Never Gonna Give You Up,Rick Astley
1410,Running To Stand Still,U2
1411,I Wanna Dance with Somebody (Who Loves Me),Whitney Houston
1412,Have A Little Faith In Me,John Hiatt
1413,Suzanne,Herman van Veen
1414,The Way You Make Me Feel - 2012 Remaster,Michael Jackson
1415,The One I Love - Remastered,R.E.M.
1416,Bad - 2012 Remaster,Michael Jackson
1417,Apache,The Shadows
1418,The Cross,Prince
1419,Luka,Suzanne Vega
1420,Seven Wonders - 2017 Remaster,Fleetwood Mac
1421,Lessons In Love,Level 42
1422,Brilliant Disguise,Bruce Springsteen
1423,It's a Sin - 2001 Remaster,Pet Shop Boys
1424,Bullet The Blue Sky,U2
1425,Wonderful Life,Black
1426,It's The End Of The World As We Know It (And I Feel Fine),R.E.M.
1427,Is This Love - 2018 Remaster,Whitesnake
1428,Laat Mij Maar Alleen,Klein Orkest
1429,You Win Again,Bee Gees
1430,Liberian Girl - 2012 Remastered Version,Michael Jackson
1431,Winter in Hamburg,Frank Boeijen Groep
1432,One (Remastered),Metallica
1433,Fast Car,Tracy Chapman
1434,Dreams,Fleetwood Mac
1435,Sara,Fleetwood Mac
1436,Stop Loving You,TOTO
1437,Can I Play with Madness - 2015 Remaster,Iron Maiden
1438,Tonight (With David Bowie) - Live,Tina Turner
1439,Tusk,Fleetwood Mac
1440,Maid Of Orleans,Orchestral Manoeuvres In The Dark
1441,Like The Way I Do,Melissa Etheridge
1442,Little Lies,Fleetwood Mac
1443,Zwart Wit,Frank Boeijen Groep
1444,All I Want Is You,U2
1445,Take This Waltz,Leonard Cohen
1446,Musica è,Eros Ramazzotti
1447,When Love Comes To Town,U2
1448,Ich bin wie du,Marianne Rosenberg
1449,Pamela,TOTO
1450,Orinoco Flow,Enya
1451,Listen to Your Heart,Roxette
1452,Fairytale of New York (feat. Kirsty MacColl),The Pogues
1453,Living Years,Mike & The Mechanics
1454,Mushanga,TOTO
1455,Baby Can I Hold You,Tracy Chapman
1456,Big Love,Fleetwood Mac
1457,Angel Of Harlem,U2
1458,Handle With Care,Traveling Wilburys
1459,(Something Inside) So Strong,Labi Siffre
1460,Into Temptation,Crowded House
1461,Twist in My Sobriety,Tanita Tikaram
1462,Sympathy For The Devil,The Rolling Stones
1463,Another Day in Paradise - 2016 Remaster,Phil Collins
1464,Niemand In De Stad,De Dijk
1465,Rockin' in the Free World,Neil Young
1466,Poison,Alice Cooper
1467,I Want It All - Remastered 2011,Queen
1468,Ik Kan Het Niet Alleen,De Dijk
1469,Leningrad,Billy Joel
1470,Have I Told You Lately,Van Morrison
1471,Lullaby,The Cure
1472,The Best,Tina Turner
1473,Breakthru - Remastered 2011,Queen
1474,Need Your Love So Bad,Fleetwood Mac
1475,Daar Gaat Ze,Clouseau
1476,Personal Jesus - Original Seven Inch Version,Depeche Mode
1477,Kingston Town,UB40
1478,Woman In Chains,Tears For Fears
1479,Nergens Goed Voor,De Dijk
1480,I Wish It Would Rain Down - 2016 Remaster,Phil Collins
1481,If You Don't Know Me by Now - 2008 Remaster,Simply Red
1482,Free Fallin',Tom Petty
1483,Let Love Rule,Lenny Kravitz
1484,Epic,Faith No More
1485,Black Velvet,Alannah Myles
1486,We Didn't Start the Fire,Billy Joel
1487,Sowing The Seeds Of Love,Tears For Fears
1488,New York Minute,Don Henley
1489,Something Happened on the Way to Heaven - 2016 Remaster,Phil Collins
1490,Lovesong,The Cure
1491,Monkey Gone to Heaven,Pixies
1492,The Miracle - Remastered 2011,Queen
1493,The Invisible Man - Remastered 2011,Queen
1494,If I Could Turn Back Time,Cher
1495,Love Shack,The B-52's
1496,Thunderstruck,AC/DC
1497,Papa,Stef Bos
1498,Enjoy the Silence - Single Mix,Depeche Mode
1499,Still Got The Blues,Gary Moore
1500,Wind Of Change,Scorpions
1501,Nothing Compares 2 U,Sinéad O'Connor
1502,Silent Lucidity - Remastered/2003,Queensrÿche
1503,Such a Shame,Talk Talk
1504,Hunger Strike,Temple Of The Dog
1505,Candy,Iggy Pop
1506,Send Me An Angel,Scorpions
1507,Don't Go Breaking My Heart,Elton John
1508,"Night Fever - From ""Saturday Night Fever"" Soundtrack",Bee Gees
1509,More Than Words,Extreme
1510,"It Must Have Been Love - From the Film ""Pretty Woman""",Roxette
1511,Domino,Clouseau
1512,Met Hart En Ziel,Tröckener Kecks
1513,Love Rears Its Ugly Head,Living Colour
1514,Hard To Handle,The Black Crowes
1515,Black,Pearl Jam
1516,De Boer Is De Keerl,Normaal
1517,November Rain,Guns N' Roses
1518,Nothing Else Matters,Metallica
1519,Smells Like Teen Spirit,Nirvana
1520,Innuendo - Remastered 2011,Queen
1521,Alive,Pearl Jam
1522,Enter Sandman,Metallica
1523,Who Wants To Live Forever - Remastered 2011,Queen
1524,Under the Bridge,Red Hot Chili Peppers
1525,Deurdonderen,Normaal
1526,The Show Must Go On - 2011 Mix,Queen
1527,Losing My Religion,R.E.M.
1528,Come As You Are,Nirvana
1529,Jeremy,Pearl Jam
1530,One,U2
1531,Knockin' On Heaven's Door,Guns N' Roses
1532,The Unforgiven,Metallica
1533,These Are The Days Of Our Lives - 2011 Remaster,Queen
1534,Lithium,Nirvana
1535,Lekker Op De Trekker ('n Boerinnen-Wervingslied),Mannenkoor Karrespoor
1536,Estranged,Guns N' Roses
1537,Even Flow,Pearl Jam
1538,Hammer To Fall - Remastered 2011,Queen
1539,Sad But True,Metallica
1540,Year of the Cat - 2001 Remaster,Al Stewart
1541,Don't Cry (Original),Guns N' Roses
1542,(Everything I Do) I Do It For You,Bryan Adams
1543,No More Tears,Ozzy Osbourne
1544,You,Ten Sharp
1545,Heal the World,Michael Jackson
1546,Bestel Mar (edit),Rowwen Hèze
1547,On Every Street,Dire Straits
1548,Give It Away,Red Hot Chili Peppers
1549,Four Seasons In One Day,Crowded House
1550,Walking in Memphis,Marc Cohn
1551,Learning To Fly,Tom Petty and the Heartbreakers
1552,Live And Let Die,Guns N' Roses
1553,In Bloom - Nevermind Version,Nirvana
1554,Weather With You,Crowded House
1555,Shiny Happy People,R.E.M.
1556,Stars,Simply Red
1557,I'm Going Slightly Mad - Remastered 2011,Queen
1558,On the Border - 2001 Remaster,Al Stewart
1559,Diamonds and Pearls,Prince
1560,I Can't Dance - 2007 Remaster,Genesis
1561,No Son of Mine - 2007 Remaster,Genesis
1562,I Can't Make You Love Me,Bonnie Raitt
1563,Love of the Common People,Paul Young
1564,Mysterious Ways,U2
1565,We Don't Need Another Hero (Thunderdome),Tina Turner
1566,Calling Elvis,Dire Straits
1567,Killing In The Name,Rage Against The Machine
1568,Fear of the Dark - 2015 Remaster,Iron Maiden
1569,Bed Of Roses,Bon Jovi
1570,Everybody Hurts,R.E.M.
1571,Kayleigh,Marillion
1572,"Layla - Acoustic; Live at MTV Unplugged, Bray Film Studios, Windsor, England, UK, 1/16/1992; 2013 Remaster",Eric Clapton
1573,I Will Always Love You,Whitney Houston
1574,Nightswimming,R.E.M.
1575,Conquest of Paradise,Vangelis
1576,Would?,Alice In Chains
1577,Friday I'm in Love,The Cure
1578,Sharp Dressed Man,ZZ Top
1579,Man On The Moon,R.E.M.
1580,Gimme All Your Lovin',ZZ Top
1581,What's Up?,4 Non Blondes
1582,Lavender,Marillion
1583,Plush - 2017 Remaster,Stone Temple Pilots
1584,Eloise,Barry Ryan
1585,Harvest Moon,Neil Young
1586,Drive,R.E.M.
1587,Remedy,The Black Crowes
1588,I've Got Dreams to Remember,Otis Redding
1589,Jump Around,House Of Pain
1590,Human Touch,Bruce Springsteen
1591,Vlieg Met Me Mee - Live,Paul de Leeuw
1592,In These Arms,Bon Jovi
1593,Out Of Space,The Prodigy
1594,Find The River,R.E.M.
1595,I Have Nothing,Whitney Houston
1596,Rosalyn,Vitesse
1597,Rooster,Alice In Chains
1598,Why,Annie Lennox
1599,Rhythm Is A Dancer,SNAP!
1600,Keep The Faith,Bon Jovi
1601,No Rain,Blind Melon
1602,Creep,Radiohead
1603,Proud Mary,Tina Turner
1604,Fields Of Gold,Sting
1605,Eagle - Short Version,ABBA
1606,Linger,The Cranberries
1607,Alles Geprobeerd,Het Goede Doel
1608,I'd Do Anything For Love (But I Won't Do That) - Single Edit,Meat Loaf
1609,Shape Of My Heart,Sting
1610,I Will Survive - Single Version,Gloria Gaynor
1611,Ordinary World,Duran Duran
1612,Disarm - Remastered,The Smashing Pumpkins
1613,Mr. Jones,Counting Crows
1614,Heart-Shaped Box,Nirvana
1615,Daughter (Remastered),Pearl Jam
1616,In-A-Gadda-Da-Vida - Single Version,Iron Butterfly
1617,Gaia,Valensia
1618,Mull Of Kintyre - 1993 Digital Remaster,Wings
1619,Cose della vita,Eros Ramazzotti
1620,Are You Gonna Go My Way,Lenny Kravitz
1621,What's Love Got to Do with It,Tina Turner
1622,Rearviewmirror (Remastered),Pearl Jam
1623,La solitudine,Laura Pausini
1624,Up Where We Belong,Joe Cocker
1625,Rape Me,Nirvana
1626,Round Here,Counting Crows
1627,I Want You Back,The Jackson 5
1628,Younger Days,The Fatal Flowers
1629,All Apologies,Nirvana
1630,Zombie,The Cranberries
1631,Hallelujah,Jeff Buckley
1632,Oude Maasweg,The Amazing Stroopwafels
1633,Lightning Crashes,Live
1634,Black Hole Sun,Soundgarden
1635,The Man Who Sold The World,Nirvana
1636,Basket Case,Green Day
1637,Where Did You Sleep Last Night,Nirvana
1638,High Hopes,Pink Floyd
1639,Kiss from a Rose,Seal
1640,Always,Bon Jovi
1641,All I Want for Christmas Is You,Mariah Carey
1642,I Alone,Live
1643,Sabotage,Beastie Boys
1644,Smooth Operator - Single Version,Sade
1645,Glory Box,Portishead
1646,Dromen Zijn Bedrog,Marco Borsato
1647,Ode To My Family,The Cranberries
1648,No Good (Start the Dance) [Remastered],The Prodigy
1649,When I Come Around,Green Day
1650,Live Forever - Remastered,Oasis
1651,Mmm Mmm Mmm Mmm,Crash Test Dummies
1652,Annabel,Hans De Booij
1653,Polly,Nirvana
1654,Grace,Jeff Buckley
1655,Stil In Mij,Van Dik Hout
1656,Wonderwall - Remastered,Oasis
1657,Don't Look Back In Anger - Remastered,Oasis
1658,Streets of Philadelphia - Single Edit,Bruce Springsteen
1659,Earth Song,Michael Jackson
1660,Street Spirit (Fade Out),Radiohead
1661,Man in the Mirror,Michael Jackson
1662,Aan De Kust,BLØF
1663,Beat It,Michael Jackson
1664,Margherita,Marco Borsato
1665,Vivo per lei,Andrea Bocelli
1666,Circle Of Life,Elton John
1667,They Don't Care About Us,Michael Jackson
1668,Champagne Supernova - Remastered,Oasis
1669,You Do Something To Me,Paul Weller
1670,Lemon Tree,Fools Garden
1671,Weak,Skunk Anansie
1672,Ik Leef Niet Meer Voor Jou,Marco Borsato
1673,Gangsta's Paradise,Coolio
1674,Con Te Partirò,Andrea Bocelli
1675,Don't Speak,No Doubt
1676,Heaven For Everyone - Remastered 2011,Queen
1677,Fake Plastic Trees,Radiohead
1678,Too Much Love Will Kill You - 2011 Remaster,Queen
1679,1979 - Remastered 2012,The Smashing Pumpkins
1680,Avalon,Roxy Music
1681,You Don't Fool Me - Remastered 2011,Queen
1682,Can You Feel The Love Tonight,Elton John
1683,Dear Mama,2Pac
1684,Diane,Therapy?
1685,Stranger in Moscow,Michael Jackson
1686,An American Trilogy,Elvis Presley
1687,Secret Garden,Bruce Springsteen
1688,"Tonight, Tonight - Remastered 2012",The Smashing Pumpkins
1689,Bullet With Butterfly Wings - Remastered 2012,The Smashing Pumpkins
1690,A Winter's Tale - 2011 Remaster,Queen
1691,Gold,Prince
1692,High And Dry,Radiohead
1693,Fairground,Simply Red
1694,Avond,Boudewijn de Groot
1695,She - Tous les visages de l’amour,Charles Aznavour
1696,Insomnia,Faithless
1697,Jesus to a Child,George Michael
1698,Down Under,Men At Work
1699,Jump,Van Halen
1700,Het Is Een Nacht... (Levensecht),Guus Meeuwis
1701,Where the Wild Roses Grow - 2011 - Remaster,Nick Cave & The Bad Seeds
1702,Beautiful Noise,Neil Diamond
1703,Yesterday When I Was Young,Charles Aznavour
1704,De Waarheid,Marco Borsato
1705,Wereld Zonder Jou,Marco Borsato
1706,Wannabe,Spice Girls
1707,Hedonism (Just Because You Feel Good),Skunk Anansie
1708,Killing Me Softly With His Song,Fugees
1709,You Have Been Loved,George Michael
1710,Children,Robert Miles
1711,No Diggity,Blackstreet
1712,"Casser la voix - Live ""Si Ce Soir""",Patrick Bruel
1713,Beautiful Goodbye,Amanda Marshall
1714,Ain't Nobody,Chaka Khan
1715,A Long December,Counting Crows
1716,Novocaine For The Soul,Eels
1717,Per Spoor (Kedeng Kedeng),Guus Meeuwis
1718,Bitter Sweet Symphony,The Verve
1719,Zeg Me Dat Het Niet Zo Is,Frank Boeijen
1720,Du hast,Rammstein
1721,"Take Me Home, Country Roads",John Denver
1722,Karma Police,Radiohead
1723,Everlong,Foo Fighters
1724,Op Fietse,Skik
1725,Paranoid Android,Radiohead
1726,Lopen Tot De Zon Komt,Acda en de Munnik
1727,Into My Arms - 2011 Remastered Version,Nick Cave & The Bad Seeds
1728,Engel,Rammstein
1729,k Heb Je Lief,Paul de Leeuw
1730,Chan Chan,Buena Vista Social Club
1731,Firestarter,The Prodigy
1732,The Unforgiven II,Metallica
1733,Smack My Bitch Up,The Prodigy
1734,You'll Never Walk Alone,Gerry & The Pacemakers
1735,Good Riddance (Time of Your Life),Green Day
1736,Candle In The Wind 1997,Elton John
1737,No Surprises,Radiohead
1738,Als Het Vuur Gedoofd Is,Acda en de Munnik
1739,Little Green Bag,George Baker Selection
1740,Beds Are Burning - Remastered,Midnight Oil
1741,"My Heart Will Go On - Love Theme from ""Titanic""",Céline Dion
1742,t Dondert En 't Bliksemt,Guus Meeuwis
1743,Breathe,The Prodigy
1744,The Memory Remains,Metallica
1745,N'oubliez Jamais,Joe Cocker
1746,Tell Him,Barbra Streisand
1747,Mooi Liedje,Acda en de Munnik
1748,Can't Stand Losing You,The Police
1749,Songbird,Eva Cassidy
1750,Hier Komt De Storm,Frank Boeijen Groep
1751,The Drugs Don't Work,The Verve
1752,Around the World,Daft Punk
1753,Somebody to Love,George Michael
1754,Nobody's Wife,Anouk
1755,Als Ze Er Niet Is,De Dijk
1756,Careless Whisper,George Michael
1757,Whiskey In The Jar,Metallica
1758,Don't Let the Sun Go Down on Me,George Michael
1759,The Whole of the Moon,The Waterboys
1760,Liefs Uit Londen,BLØF
1761,Narcotic - Long Version,Liquido
1762,New Year's Day,U2
1763,Cowboys and Angels,George Michael
1764,Zelfs Je Naam Is Mooi,Henk Westbroek
1765,Toen Ik Je Zag - Single Version,Hero
1766,"I Don't Want to Miss a Thing - From ""Armageddon"" Soundtrack",Aerosmith
1767,Fields Of Gold,Eva Cassidy
1768,A Different Corner,George Michael
1769,Teardrop,Massive Attack
1770,Faith,George Michael
1771,Father Figure,George Michael
1772,Niet Of Nooit Geweest,Acda en de Munnik
1773,Is Dit Nu Later,Stef Bos
1774,De Bestemming,Marco Borsato
1775,Freak On a Leash,Korn
1776,Onderuit,De Dijk
1777,Non non rien n'a changé,Les Poppys
1778,I'm Not so Tough,Ilse DeLange
1779,Killer / Papa Was a Rollin' Stone,George Michael
1780,I Knew You Were Waiting (For Me),George Michael
1781,If You Tolerate This Your Children Will Be Next,Manic Street Preachers
1782,Praying for Time,George Michael
1783,Hilversum 3,Herman van Veen
1784,The Reflex,Duran Duran
1785,World of Hurt,Ilse DeLange
1786,As,George Michael
1787,Pure Morning,Placebo
1788,She's The One,Robbie Williams
1789,Ik Heb Je Lief,Stef Bos
1790,Pretty Fly (For A White Guy),The Offspring
1791,I Can't Make You Love Me,George Michael
1792,Praise You,Fatboy Slim
1793,Sacrifice,Anouk
1794,Toveren,Herman van Veen
1795,Kissing a Fool,George Michael
1796,Hijo de la Luna,Mecano
1797,"Slaap Zacht , Elisabeth",Acda en de Munnik
1798,Angels,Robbie Williams
1799,Tears in Heaven,Eric Clapton
1800,Californication,Red Hot Chili Peppers
1801,Harder Dan Ik Hebben Kan,BLØF
1802,Learn to Fly,Foo Fighters
1803,Total Eclipse of the Heart,Bonnie Tyler
1804,Scar Tissue,Red Hot Chili Peppers
1805,Otherside,Red Hot Chili Peppers
1806,"You'll Be In My Heart - From ""Tarzan""/Soundtrack Version",Phil Collins
1807,Let Me Entertain You,Robbie Williams
1808,Road Trippin',Red Hot Chili Peppers
1809,Jesus He Knows Me,Genesis
1810,The Family Tree,Venice
1811,Porcelain,Moby
1812,Unintended,Muse
1813,LA Song,Beth Hart
1814,The Dolphin's Cry,Live
1815,All Star,Smash Mouth
1816,Why Does My Heart Feel So Bad?,Moby
1817,Il Volo,Zucchero
1818,The Next Episode,Dr. Dre
1819,Geen Kind Meer,Karin Bloemen
1820,All The Small Things,blink-182
1821,Run To The Water,Live
1822,Hart Van Mijn Gevoel,De Kast
1823,Smooth (feat. Rob Thomas),Santana
1824,My Name Is,Eminem
1825,Desert Rose,Sting
1826,Hey Boy Hey Girl,The Chemical Brothers
1827,At Last,Etta James
1828,Can't Help Falling in Love,Elvis Presley
1829,Fly Me To The Moon (In Other Words),Frank Sinatra
1830,Stand by Me,Ben E. King
1831,"Oh, Pretty Woman",Roy Orbison
1832,Ring of Fire,Johnny Cash
1833,Blowin' in the Wind,Bob Dylan
1834,In Dreams,Roy Orbison
1835,Twist And Shout - Remastered 2009,The Beatles
1836,Are You Lonesome Tonight,Elvis Presley
1837,I Saw Her Standing There - Remastered 2009,The Beatles
1838,"Don't Think Twice, It's All Right",Bob Dylan
1839,The Sound of Silence - Acoustic Version,Simon & Garfunkel
1840,House Of The Rising Sun,The Animals
1841,Folsom Prison Blues,Johnny Cash
1842,The Times They Are A-Changin',Bob Dylan
1843,A Change Is Gonna Come,Sam Cooke
1844,A Hard Day's Night - Remastered 2009,The Beatles
1845,Nathalie,Gilbert Bécaud
1846,Eight Days A Week - Remastered 2009,The Beatles
1847,It's All Over Now - Mono Version,The Rolling Stones
1848,Yesterday - Remastered 2009,The Beatles
1849,(I Can't Get No) Satisfaction - Mono Version,The Rolling Stones
1850,Like a Rolling Stone,Bob Dylan
1851,Norwegian Wood (This Bird Has Flown) - Remastered 2009,The Beatles
1852,Help! - Remastered 2009,The Beatles
1853,Unchained Melody,The Righteous Brothers
1854,Michelle - Remastered 2009,The Beatles
1855,Feeling Good,Nina Simone
1856,My Generation - Stereo Version,The Who
1857,In My Life - Remastered 2009,The Beatles
1858,As Tears Go By - Mono Version,The Rolling Stones
1859,It Was A Very Good Year,Frank Sinatra
1860,Time Is On My Side - Mono Version,The Rolling Stones
1861,Little Red Rooster - Mono Version,The Rolling Stones
1862,Mr. Tambourine Man,The Byrds
1863,"Paint It, Black",The Rolling Stones
1864,God Only Knows - Remastered,The Beach Boys
1865,California Dreamin' - Single Version,The Mamas & The Papas
1866,Eleanor Rigby - Remastered 2009,The Beatles
1867,River Deep - Mountain High,Ike & Tina Turner
1868,That's Life,Frank Sinatra
1869,Jumpin' Jack Flash - Mono,The Rolling Stones
1870,Scarborough Fair / Canticle,Simon & Garfunkel
1871,Sloop John B - Remastered,The Beach Boys
1872,Homeward Bound,Simon & Garfunkel
1873,Under My Thumb,The Rolling Stones
1874,I Want You,Bob Dylan
1875,When a Man Loves a Woman,Percy Sledge
1876,Sunny Afternoon - Mono Mix,The Kinks
1877,How Can We Hang On To A Dream,Tim Hardin
1878,"Monday, Monday - Single Version",The Mamas & The Papas
1879,For No One - Remastered 2009,The Beatles
1880,"It's A Man's, Man's, Man's World",James Brown & The Famous Flames
1881,Try a Little Tenderness,Otis Redding
1882,Wouldn't It Be Nice - Stereo Mix,The Beach Boys
1883,Nights In White Satin - Single Version / Mono Mix,The Moody Blues
1884,The End,The Doors
1885,A Day In The Life - Remastered 2009,The Beatles
1886,Brown Eyed Girl,Van Morrison
1887,Respect,Aretha Franklin
1888,White Rabbit,Jefferson Airplane
1889,Penny Lane,The Beatles
1890,Suzanne,Leonard Cohen
1891,Hey Joe,Jimi Hendrix
1892,Good Vibrations - Remastered,The Beach Boys
1893,Light My Fire,The Doors
1894,Strawberry Fields Forever - Remastered 2009,The Beatles
1895,"So Long, Marianne",Leonard Cohen
1896,Little Wing,Jimi Hendrix
1897,The Fool On The Hill - Remastered 2009,The Beatles
1898,People Are Strange,The Doors
1899,The Wind Cries Mary,Jimi Hendrix
1900,Sgt. Pepper's Lonely Hearts Club Band - Remastered 2009,The Beatles
1901,Lucy In The Sky With Diamonds - Remastered 2009,The Beatles
1902,Purple Haze,Jimi Hendrix
1903,Ruby Tuesday,The Rolling Stones
1904,All You Need Is Love - Remastered 2009,The Beatles
1905,"He Ain't Heavy, He's My Brother",The Hollies
1906,When I'm Sixty Four - Remastered 2009,The Beatles
1907,Somebody Will Know Someday,Cuby & The Blizzards
1908,I Am The Walrus - Remastered 2009,The Beatles
1909,Guitar Man,Elvis Presley
1910,Ain't No Mountain High Enough,Marvin Gaye
1911,San Francisco (Be Sure to Wear Some Flowers In Your Hair),Scott McKenzie
1912,She's Leaving Home - Remastered 2009,The Beatles
1913,I'm a Believer - 2006 Remaster,The Monkees
1914,Waterloo Sunset - Mono Mix,The Kinks
1915,Sunshine Of Your Love,Cream
1916,Break on Through (To the Other Side),The Doors
1917,Somebody to Love,Jefferson Airplane
1918,Green Green Grass Of Home,Tom Jones
1919,To Love Somebody,Bee Gees
1920,Pastorale - Remastered,Liesbeth List
1921,(Sittin' On) the Dock of the Bay,Otis Redding
1922,Blackbird - Remastered 2009,The Beatles
1923,I Put A Spell On You,Creedence Clearwater Revival
1924,While My Guitar Gently Weeps - Remastered 2009,The Beatles
1925,All Along the Watchtower,Jimi Hendrix
1926,"Window Of My Eyes - From ""The American"" Soundtrack",Cuby & The Blizzards
1927,I Say a Little Prayer,Aretha Franklin
1928,(You Make Me Feel Like) A Natural Woman,Aretha Franklin
1929,White Room,Cream
1930,"Mrs. Robinson - From ""The Graduate"" Soundtrack",Simon & Garfunkel
1931,What A Wonderful World - Single Version,Louis Armstrong
1932,Lea,The Cats
1933,The Weight - Remastered,The Band
1934,Ain't Got No - I Got Life - Remastered,Nina Simone
1935,Voodoo Child (Slight Return),Jimi Hendrix
1936,Suzie Q,Creedence Clearwater Revival
1937,Born To Be Wild - Single Version,Steppenwolf
1938,Words,Bee Gees
1939,Massachussetts,Bee Gees
1940,Times Were When,The Cats
1941,I Started A Joke,Bee Gees
1942,MacArthur Park,Richard Harris
1943,I'd Rather Go Blind,Etta James
1944,Daydream Believer,The Monkees
1945,Back In The U.S.S.R. - Remastered 2009,The Beatles
1946,"Girl, You'll Be A Woman Soon",Neil Diamond
1947,Here Comes The Sun - Remastered 2009,The Beatles
1948,Space Oddity - 2015 Remaster,David Bowie
1949,Gimme Shelter,The Rolling Stones
1950,Suspicious Minds,Elvis Presley
1951,Whole Lotta Love - 1990 Remaster,Led Zeppelin
1952,Sweet Caroline,Neil Diamond
1953,Fortunate Son,Creedence Clearwater Revival
1954,In the Ghetto,Elvis Presley
1955,Bad Moon Rising,Creedence Clearwater Revival
1956,You Can't Always Get What You Want,The Rolling Stones
1957,With A Little Help From My Friends,Joe Cocker
1958,My Way,Frank Sinatra
1959,Come Together - Remastered 2009,The Beatles
1960,Something - Remastered 2009,The Beatles
1961,Albatross - 2018 Remaster,Fleetwood Mac
1962,Just A Little Bit Of Peace In My Heart,Golden Earring
1963,Venus,Shocking Blue
1964,Son of a Preacher Man,Dusty Springfield
1965,Pinball Wizard,The Who
1966,Marian,The Cats
1967,Proud Mary,Creedence Clearwater Revival
1968,Beautiful People,Melanie
1969,Oh Well (Pt. 1) - 2013 Remaster,Fleetwood Mac
1970,Born On The Bayou,Creedence Clearwater Revival
1971,Scarlet Ribbons,The Cats
1972,The Thrill Is Gone,B.B. King
1973,Dazed and Confused,Led Zeppelin
1974,Overture,The Who
1975,Streets of London,Ralph McTell
1976,Down On The Corner,Creedence Clearwater Revival
1977,Appleknockers Flophouse,Cuby & The Blizzards
1978,The First Time Ever I Saw Your Face,Roberta Flack
1979,Touch Me,The Doors
1980,Summertime,Brainbox
1981,Midnight Rambler,The Rolling Stones
1982,Get Ready,Rare Earth
1983,Black Magic Woman - 2018 Remaster,Fleetwood Mac
1984,Suite: Judy Blue Eyes - Remastered,"Crosby, Stills & Nash"
1985,Blue Suede Shoes,Elvis Presley
1986,Jailhouse Rock,Elvis Presley
1987,My Baby Just Cares for Me - 2013 Remastered Version,Nina Simone
1988,Summertime,Louis Armstrong
1989,Heartbreak Hotel,Elvis Presley
1990,Hound Dog,Elvis Presley
1991,Johnny B. Goode,Chuck Berry
1992,Take Five,The Dave Brubeck Quartet
1993,Blueberry Hill,Fats Domino
